team1,team2,team1wins,team2wins
Wales,Denmark,0.3013698630136986,0.6986301369863014
Italy,Austria,0.8712930011862396,0.12870699881376038
Netherlands,Czech,0.8619033323326328,0.13809666766736717
Belgium,Portugal,0.768984299903877,0.23101570009612304
Croatia,Spain,0.24913057224154284,0.7508694277584571
France,Switzerland,0.7179738562091503,0.28202614379084967
