team1,score1,team2,score2,A Wins,B Wins,Awon,Bwon ,LossA,LossB,Loss
Wales,1,NorthernIreland,0,0.705038372,0.294961628,1,0,-0.151787246,0,-0.151787246
Switzerland,1,Poland,1,0.1709375,0.8290625,0,1,0,-0.081412728,-0.081412728
France,2,Ireland,1,0.67218543,0.32781457,1,0,-0.172510905,0,-0.172510905
Croatia,0,Portugal,1,0.743861977,0.256138023,0,1,0,-0.591525948,-0.591525948
Hungary,0,Belgium,4,0.284969025,0.715030975,0,1,0,-0.145675144,-0.145675144
Germany,3,Slovakia,0,0.680192572,0.319807428,1,0,-0.167368115,0,-0.167368115
England,1,Iceland,2,0.707666667,0.292333333,0,1,0,-0.534121661,-0.534121661
Italy,2,Spain,0,0.402691511,0.597308489,1,0,-0.395027525,0,-0.395027525
,,,,,,,,,,-0.279928659